user,test_acc,auc
7,48.48484802246094%,0.4965112751542118
9,48.33333206176758%,0.5
