user,test_acc,auc
7,73.93939208984375%,0.7330367074527253
