user,test_acc,auc
7,50.30303192138672%,0.5008595409040348
