user,test_acc,auc
7,48.93939208984375%,0.48887652947719695
