user,test_acc,auc
7,51.66666793823242%,0.5044493882091212
9,52.42424392700195%,0.5079381130549094
12,52.727272033691406%,0.5302861765598139
15,51.212120056152344%,0.49823035696228135
