user,test_acc,auc
7,51.66666793823242%,0.5
9,51.66666793823242%,0.5
12,51.66666793823242%,0.5
15,51.66666793823242%,0.5
16,51.66666793823242%,0.5
