user,test_acc,auc
7,49.54545593261719%,0.5074830619880676
