user,test_acc,auc
7,50.60606002807617%,0.5115785215896451
9,52.57575607299805%,0.5146627565982405
12,49.24242401123047%,0.5067752047729801
