user,test_acc,auc
7,53.33333206176758%,0.533724340175953
9,49.09090805053711%,0.48963494792193346
12,51.3636360168457%,0.5112245929821013
