user,test_acc,auc
7,45.60606002807617%,0.45712407725755894
