user,test_acc,auc
7,51.06060791015625%,0.4963595914652644
