user,test_acc,auc
0,61.138694763183594%,0.611386931454196
1,53.36322784423828%,0.5336322869955157
2,49.14517593383789%,0.49145175311503914
