user,test_acc,auc
0,55.77354431152344%,0.5577354260089685
