user,test_acc,auc
0,55.38116455078125%,0.5538116591928252
1,56.27123260498047%,0.5627123250441636
