user,test_acc,auc
0,54.48430633544922%,0.5448430493273543
1,56.869140625%,0.5686913982878108
2,52.65864944458008%,0.5265864966676325
