user,test_acc,auc
0,59.689300537109375%,0.5968930172966047
