user,test_acc,auc,precision,recall,f1_score
20,82.2727279663086%,0.8199514612195369,0.7857142857142857,0.9032258064516129,0.840381991814461
