user,test_acc,auc,precision,recall,f1_score
20,83.03030395507812%,0.8286985539488321,0.8102981029810298,0.8768328445747801,0.8422535211267604
