user,test_acc,auc
16,67.8787841796875%,0.6753969056527455
