user,test_acc,auc,precision,recall,f1_score
35,68.03030395507812%,0.6778744059055516,0.6701570680628273,0.750733137829912,0.7081604426002768
