user,test_acc,auc,precision,recall,f1_score
35,69.69696807861328%,0.6950146627565983,0.6890080428954424,0.7536656891495601,0.7198879551820728
