user,test_acc,auc
15,65.75757598876953%,0.6574982303569623
