user,test_acc,auc
12,72.2727279663086%,0.7209525735665891
