user,test_acc,auc
16,64.24242401123047%,0.6439478208110022
