user,test_acc,auc,precision,recall,f1_score
35,69.69696807861328%,0.694407928000809,0.6831168831168831,0.7712609970674487,0.7245179063360883
