user,test_acc,auc,precision,recall,f1_score
29,72.42424011230469%,0.722317726767115,0.7131367292225201,0.7800586510263929,0.7450980392156863
