user,test_acc,auc
7,86.66666412353516%,0.8640914147032055
