user,test_acc,auc
21,74.69696807861328%,0.7447163515016685
