user,test_acc,auc
16,64.54545593261719%,0.6454646577004752
