user,test_acc,auc
20,83.33333587646484%,0.832035595105673
