user,test_acc,auc
29,73.18181610107422%,0.7322782890079886
