user,test_acc,auc
7,85.1515121459961%,0.8514511072909294
9,92.57575988769531%,0.92542218626757
12,67.42424011230469%,0.6728182829406412
15,63.48484802246094%,0.6324704216806553
