user,test_acc,auc
7,85.45454406738281%,0.8552937607442614
