user,test_acc,auc,precision,recall,f1_score
29,72.2727279663086%,0.7210536960258873,0.7146739130434783,0.7712609970674487,0.7418899858956276
