user,test_acc,auc,precision,recall,f1_score
7,85.30303192138672%,0.8532207503286481,0.8652694610778443,0.8475073313782991,0.8562962962962963
