user,test_acc,auc
21,76.66666412353516%,0.7630700778642937
