user,test_acc,auc
21,75.30303192138672%,0.7489634947921934
