user,test_acc,auc
7,83.48484802246094%,0.8308726868237436
