user,test_acc,auc,precision,recall,f1_score
20,84.54545593261719%,0.8447770249772475,0.8404558404558404,0.8651026392961877,0.852601156069364
