user,test_acc,auc
20,82.57575988769531%,0.8238952371321672
