user,test_acc,auc
7,85.60606384277344%,0.853220750328648
