user,test_acc,auc,precision,recall,f1_score
21,75.45454406738281%,0.7525533420972798,0.7386666666666667,0.8123167155425219,0.7737430167597764
