user,test_acc,auc
7,83.93939208984375%,0.8357771260997068
