user,test_acc,auc,precision,recall,f1_score
12,70.75757598876953%,0.7080088987764183,0.7269938650306749,0.6950146627565983,0.7106446776611696
