user,test_acc,auc,precision,recall,f1_score
29,73.33333587646484%,0.7319243604004451,0.7272727272727273,0.7741935483870968,0.7500000000000001
