user,test_acc,auc
21,75.45454406738281%,0.7523510971786834
