user,test_acc,auc
12,68.48484802246094%,0.6779249671352008
