user,test_acc,auc,precision,recall,f1_score
9,92.42424011230469%,0.9242592779856407,0.9292035398230089,0.9237536656891495,0.9264705882352942
