user,test_acc,auc,precision,recall,f1_score
29,73.18181610107422%,0.7306603296592175,0.729050279329609,0.7653958944281525,0.7467811158798283
