user,test_acc,auc,precision,recall,f1_score
16,68.48484802246094%,0.6839923146930933,0.6894586894586895,0.7096774193548387,0.699421965317919
