user,test_acc,auc,precision,recall,f1_score
29,72.42424011230469%,0.7226210941450096,0.7166212534059946,0.7712609970674487,0.7429378531073446
