user,test_acc,auc
15,67.2727279663086%,0.6710486399029225
