user,test_acc,auc,precision,recall,f1_score
20,83.18181610107422%,0.8307715643644454,0.8212290502793296,0.8621700879765396,0.8412017167381974
