user,test_acc,auc
20,80.75757598876953%,0.8051875821619983
