user,test_acc,auc,precision,recall,f1_score
7,89.8484878540039%,0.8986247345535444,0.9077380952380952,0.8944281524926686,0.9010339734121122
