user,test_acc,auc
12,71.21212005615234%,0.7063403781979978
