user,test_acc,auc
7,85.30303192138672%,0.8489736070381232
