user,test_acc,auc
15,68.63636016845703%,0.68475073313783
