user,test_acc,auc
12,72.7272720336914%,0.724239053493781
