user,test_acc,auc,precision,recall,f1_score
7,87.2727279663086%,0.87288906866215,0.8835820895522388,0.8680351906158358,0.8757396449704142
