user,test_acc,auc,precision,recall,f1_score
35,68.78787994384766%,0.6875316007685307,0.6979472140762464,0.6979472140762464,0.6979472140762464
