user,test_acc,auc
16,65.45454406738281%,0.657397107897664
