user,test_acc,auc,precision,recall,f1_score
23,73.48484802246094%,0.732885023763778,0.7219251336898396,0.7917888563049853,0.7552447552447553
