user,test_acc,auc
20,83.63636016845703%,0.8344625341288301
