user,test_acc,auc,precision,recall,f1_score
16,67.42424011230469%,0.6732227727778339,0.6779661016949152,0.7038123167155426,0.6906474820143885
