user,test_acc,auc,precision,recall,f1_score
29,74.39393615722656%,0.74350288199009,0.75,0.7565982404692082,0.7532846715328466
