user,test_acc,auc,precision,recall,f1_score
7,88.18181610107422%,0.8818889675396905,0.8902077151335311,0.8797653958944281,0.8849557522123894
