user,test_acc,auc,precision,recall,f1_score
7,89.54545593261719%,0.8954899383152999,0.9023668639053254,0.8944281524926686,0.898379970544919
