user,test_acc,auc,precision,recall,f1_score
23,75.1515121459961%,0.7489129335625442,0.7286821705426356,0.8269794721407625,0.7747252747252747
