user,test_acc,auc
7,85.0%,0.849378096875316
9,90.0%,0.900899989887754
