user,test_acc,auc,precision,recall,f1_score
29,74.39393615722656%,0.7434017595307918,0.7485549132947977,0.7595307917888563,0.7540029112081514
