user,test_acc,auc
16,61.3636360168457%,0.6134593993325917
