user,test_acc,auc,precision,recall,f1_score
35,67.42424011230469%,0.6720093032662554,0.6666666666666666,0.7390029325513197,0.7009735744089012
