user,test_acc,auc,precision,recall,f1_score
20,80.45454406738281%,0.8015471736272627,0.7676767676767676,0.8914956011730205,0.824966078697422
