user,test_acc,auc
20,81.36363983154297%,0.8134796238244515
