user,test_acc,auc,precision,recall,f1_score
23,74.24242401123047%,0.7397107897664071,0.7197943444730077,0.8211143695014663,0.7671232876712328
