user,test_acc,auc,precision,recall,f1_score
21,76.36363983154297%,0.7620588532713115,0.7520435967302452,0.8093841642228738,0.7796610169491525
