user,test_acc,auc
20,81.81818389892578%,0.8170694711295379
