user,test_acc,auc
9,94.54545593261719%,0.9444837698452827
