user,test_acc,auc,precision,recall,f1_score
12,72.2727279663086%,0.7228739002932552,0.7379518072289156,0.718475073313783,0.7280832095096581
