user,test_acc,auc,precision,recall,f1_score
35,69.24242401123047%,0.6917281828294064,0.6982758620689655,0.7126099706744868,0.7053701015965167
