user,test_acc,auc
23,70.75757598876953%,0.7010314490848418
