user,test_acc,auc
7,87.8787841796875%,0.8786530488421478
