user,test_acc,auc,precision,recall,f1_score
12,73.03030395507812%,0.7294974213772879,0.7321937321937322,0.7536656891495601,0.7427745664739884
