user,test_acc,auc,precision,recall,f1_score
35,67.7272720336914%,0.6746384872080089,0.6658031088082902,0.7536656891495601,0.7070151306740029
