user,test_acc,auc,precision,recall,f1_score
15,69.8484878540039%,0.6980988977651936,0.7076023391812866,0.7096774193548387,0.7086383601756956
