user,test_acc,auc
16,67.1212158203125%,0.6687733845687127
