user,test_acc,auc,precision,recall,f1_score
20,78.93939208984375%,0.7871877844069168,0.7657894736842106,0.8533724340175953,0.8072122052704578
