user,test_acc,auc
21,75.75757598876953%,0.7519466073414905
