user,test_acc,auc,precision,recall,f1_score
12,69.8484878540039%,0.6994134897360703,0.7246835443037974,0.6715542521994134,0.6971080669710806
