user,test_acc,auc
7,85.60606384277344%,0.8547375872181212
9,91.81818389892578%,0.9193042774800284
12,71.51515197753906%,0.7136211952674689
