user,test_acc,auc
15,67.8787841796875%,0.6732733340074831
