user,test_acc,auc,precision,recall,f1_score
35,68.48484802246094%,0.682879967640813,0.67828418230563,0.7419354838709677,0.7086834733893558
