user,test_acc,auc,precision,recall,f1_score
20,79.54545593261719%,0.7928506421276165,0.7654639175257731,0.8709677419354839,0.8148148148148147
