user,test_acc,auc
29,74.24242401123047%,0.7373849732025484
