user,test_acc,auc
12,72.8787841796875%,0.7264131863686925
