user,test_acc,auc
9,93.48484802246094%,0.9344220851451108
