user,test_acc,auc
16,67.1212158203125%,0.6659419557083629
