user,test_acc,auc
12,71.06060791015625%,0.7049752249974719
