user,test_acc,auc
20,82.42424011230469%,0.8213166144200628
