user,test_acc,auc,precision,recall,f1_score
16,67.8787841796875%,0.6778238446759025,0.6827195467422096,0.7067448680351907,0.6945244956772334
