user,test_acc,auc,precision,recall,f1_score
15,70.75757598876953%,0.7073010415613308,0.7176470588235294,0.7155425219941349,0.7165932452276066
