user,test_acc,auc,precision,recall,f1_score
16,66.51515197753906%,0.6649307311153807,0.6775147928994083,0.6715542521994134,0.6745213549337261
