user,test_acc,auc,precision,recall,f1_score
16,67.57575988769531%,0.6745879259783598,0.6778711484593838,0.7096774193548387,0.6934097421203438
