user,test_acc,auc,precision,recall,f1_score
20,81.51515197753906%,0.8121144706239256,0.7758186397984886,0.9032258064516129,0.8346883468834688
