user,test_acc,auc,precision,recall,f1_score
12,72.2727279663086%,0.7209525735665891,0.7135135135135136,0.7741935483870968,0.7426160337552743
