user,test_acc,auc
20,82.7272720336914%,0.8251592678733947
