user,test_acc,auc,precision,recall,f1_score
7,86.51515197753906%,0.8650520780665385,0.8705882352941177,0.8680351906158358,0.869309838472834
