user,test_acc,auc,precision,recall,f1_score
7,89.8484878540039%,0.8985236120942462,0.9053254437869822,0.8973607038123167,0.9013254786450662
