user,test_acc,auc
12,69.39393615722656%,0.6875316007685307
