user,test_acc,auc
16,65.30303192138672%,0.6502679745171402
