user,test_acc,auc,precision,recall,f1_score
29,72.8787841796875%,0.7270199211244818,0.7189189189189189,0.7800586510263929,0.7482419127988749
