user,test_acc,auc,precision,recall,f1_score
9,93.18181610107422%,0.9315906562847609,0.9302325581395349,0.9384164222873901,0.9343065693430658
