user,test_acc,auc
20,82.1212158203125%,0.8179795732632218
