user,test_acc,auc
15,67.42424011230469%,0.6739306299929214
