user,test_acc,auc,precision,recall,f1_score
9,94.69696807861328%,0.9464556578015977,0.9371428571428572,0.9618768328445748,0.9493487698986975
