user,test_acc,auc
21,75.90908813476562%,0.7576600262918394
