user,test_acc,auc,precision,recall,f1_score
15,69.39393615722656%,0.6938011932450198,0.7062314540059347,0.6979472140762464,0.7020648967551623
