user,test_acc,auc,precision,recall,f1_score
16,66.96969604492188%,0.6693295580948527,0.6803519061583577,0.6803519061583577,0.6803519061583577
