user,test_acc,auc
35,61.3636360168457%,0.6094145009606634
