user,test_acc,auc
7,86.36363983154297%,0.863788047325311
9,93.18181610107422%,0.9321973910405502
12,66.66666412353516%,0.668014966123976
15,66.66666412353516%,0.6662958843159065
