user,test_acc,auc,precision,recall,f1_score
12,71.96969604492188%,0.7195368591364142,0.7307692307692307,0.7243401759530792,0.7275405007363771
