user,test_acc,auc,precision,recall,f1_score
7,87.57575988769531%,0.8755182526039034,0.8775510204081632,0.8826979472140762,0.8801169590643274
