user,test_acc,auc,precision,recall,f1_score
12,73.78787994384766%,0.7369299221357062,0.7372881355932204,0.7653958944281525,0.7510791366906475
