user,test_acc,auc
9,93.93939208984375%,0.9391242795024775
