user,test_acc,auc
21,74.8484878540039%,0.7460815047021945
