user,test_acc,auc,precision,recall,f1_score
7,88.93939208984375%,0.889321468298109,0.8941176470588236,0.8914956011730205,0.8928046989720999
