user,test_acc,auc
21,75.30303192138672%,0.7500758418444737
