user,test_acc,auc
9,90.60606384277344%,0.9057538679340682
