user,test_acc,auc,precision,recall,f1_score
35,69.09091186523438%,0.688643947820811,0.6807387862796834,0.7565982404692082,0.7166666666666668
