user,test_acc,auc
12,70.75757598876953%,0.7014359389220346
