user,test_acc,auc,precision,recall,f1_score
12,73.63636016845703%,0.734856911720093,0.7287671232876712,0.7800586510263929,0.753541076487252
