user,test_acc,auc,precision,recall,f1_score
23,74.69696807861328%,0.7450197188795631,0.732620320855615,0.8035190615835777,0.7664335664335664
