user,test_acc,auc
16,66.81818389892578%,0.6642228739002932
