user,test_acc,auc
12,69.8484878540039%,0.6913236929922136
