user,test_acc,auc,precision,recall,f1_score
29,72.57575988769531%,0.724188492264132,0.7185792349726776,0.7712609970674487,0.743988684582744
