user,test_acc,auc
21,75.1515121459961%,0.7455758924057032
