user,test_acc,auc
23,70.1515121459961%,0.6949641015269492
