user,test_acc,auc,precision,recall,f1_score
21,76.66666412353516%,0.7656992618060471,0.7633802816901408,0.7947214076246334,0.778735632183908
