user,test_acc,auc
20,81.96969604492188%,0.8172211548184852
