user,test_acc,auc
9,94.09091186523438%,0.9400849428658105
