user,test_acc,auc,precision,recall,f1_score
9,94.54545593261719%,0.9450905046010719,0.9394812680115274,0.9560117302052786,0.9476744186046512
