user,test_acc,auc
15,66.06060791015625%,0.6588128223278389
