user,test_acc,auc,precision,recall,f1_score
12,73.63636016845703%,0.7358681363130751,0.7420289855072464,0.750733137829912,0.7463556851311954
