user,test_acc,auc,precision,recall,f1_score
16,67.57575988769531%,0.6750935382748509,0.6829971181556196,0.6950146627565983,0.688953488372093
