user,test_acc,auc
12,72.2727279663086%,0.7191323692992214
