user,test_acc,auc
15,68.93939208984375%,0.6848518555971281
