user,test_acc,auc
21,75.45454406738281%,0.7510365052078067
