user,test_acc,auc,precision,recall,f1_score
20,82.57575988769531%,0.8254120740216403,0.8284883720930233,0.8357771260997068,0.8321167883211679
