user,test_acc,auc
16,66.06060791015625%,0.6603296592173121
