user,test_acc,auc
9,93.78787994384766%,0.9368490241682678
