user,test_acc,auc,precision,recall,f1_score
20,83.03030395507812%,0.8299120234604106,0.8318840579710145,0.841642228739003,0.8367346938775511
