user,test_acc,auc,precision,recall,f1_score
20,82.8787841796875%,0.8275356456669027,0.8149171270718232,0.8651026392961877,0.8392603129445233
