user,test_acc,auc,precision,recall,f1_score
21,75.90908813476562%,0.7571544139953484,0.7433155080213903,0.8152492668621701,0.7776223776223776
