user,test_acc,auc
29,73.63636016845703%,0.7365759935281626
