user,test_acc,auc
23,72.1212158203125%,0.7164526241278188
