user,test_acc,auc,precision,recall,f1_score
23,70.60606384277344%,0.7032055819597532,0.6879795396419437,0.7888563049853372,0.7349726775956285
