user,test_acc,auc,precision,recall,f1_score
12,73.63636016845703%,0.7355647689351806,0.7378917378917379,0.7595307917888563,0.7485549132947976
