user,test_acc,auc
16,64.39393615722656%,0.6446051167964405
