user,test_acc,auc,precision,recall,f1_score
12,70.90908813476562%,0.7096774193548387,0.7306501547987616,0.6920821114369502,0.710843373493976
