user,test_acc,auc,precision,recall,f1_score
35,69.69696807861328%,0.6957225199716857,0.6963788300835655,0.7331378299120235,0.7142857142857144
