user,test_acc,auc
12,72.57575988769531%,0.720851451107291
