user,test_acc,auc
7,86.81818389892578%,0.868085751845485
9,93.33333587646484%,0.9333602993224795
12,69.8484878540039%,0.6964809384164222
