user,test_acc,auc,precision,recall,f1_score
12,74.24242401123047%,0.7416321164930731,0.7435897435897436,0.7653958944281525,0.7543352601156069
