user,test_acc,auc
23,72.57575988769531%,0.7200424714329052
