user,test_acc,auc
12,73.78787994384766%,0.7324805339265852
