user,test_acc,auc
21,76.21212005615234%,0.7580645161290324
