user,test_acc,auc,precision,recall,f1_score
35,70.0%,0.6981494589948427,0.692722371967655,0.7536656891495601,0.7219101123595506
