user,test_acc,auc,precision,recall,f1_score
9,94.8484878540039%,0.9478208110021236,0.9348441926345609,0.967741935483871,0.9510086455331412
