user,test_acc,auc,precision,recall,f1_score
35,70.75757598876953%,0.7049752249974719,0.6917098445595855,0.782991202346041,0.7345254470426409
