user,test_acc,auc
15,68.78787994384766%,0.6838911922337951
