user,test_acc,auc,precision,recall,f1_score
35,70.1515121459961%,0.6991101223581756,0.6884816753926701,0.7712609970674487,0.7275242047026279
