user,test_acc,auc,precision,recall,f1_score
23,75.60606384277344%,0.7542218626757002,0.7419354838709677,0.8093841642228738,0.7741935483870966
