user,test_acc,auc,precision,recall,f1_score
21,77.42424011230469%,0.7736373748609566,0.7758620689655172,0.7917888563049853,0.783744557329463
