user,test_acc,auc,precision,recall,f1_score
20,83.33333587646484%,0.8309232480533927,0.8,0.9032258064516129,0.8484848484848486
