user,test_acc,auc,precision,recall,f1_score
29,75.1515121459961%,0.7513398725857012,0.7610619469026548,0.7565982404692082,0.7588235294117646
