user,test_acc,auc,precision,recall,f1_score
15,71.66666412353516%,0.7163009404388715,0.7251461988304093,0.7272727272727273,0.726207906295754
