user,test_acc,auc,precision,recall,f1_score
29,75.0%,0.7488623723328951,0.7458100558659218,0.782991202346041,0.7639484978540773
