user,test_acc,auc,precision,recall,f1_score
16,68.33333587646484%,0.6824249165739711,0.6875,0.7096774193548387,0.6984126984126984
